Problem	Language
p00000.html	en
p00001.html	en
p00002.html	en
p00003.html	en
p00004.html	en
p00005.html	en
p00006.html	en
p00007.html	en
p00008.html	en
p00009.html	en
p00010.html	en
p00011.html	en
p00012.html	en
p00013.html	en
p00014.html	en
p00015.html	en
p00016.html	en
p00017.html	en
p00018.html	en
p00019.html	en
p00020.html	en
p00021.html	en
p00022.html	en
p00023.html	en
p00024.html	en
p00025.html	en
p00026.html	en
p00027.html	en
p00028.html	en
p00029.html	en
p00030.html	ja
p00031.html	ja
p00032.html	ja
p00033.html	ja
p00034.html	ja
p00035.html	ja
p00036.html	ja
p00037.html	ja
p00038.html	ja
p00039.html	ja
p00040.html	ja
p00041.html	ja
p00042.html	ja
p00043.html	ja
p00044.html	ja
p00045.html	ja
p00046.html	ja
p00047.html	ja
p00048.html	ja
p00049.html	ja
p00050.html	ja
p00051.html	ja
p00052.html	ja
p00053.html	ja
p00054.html	ja
p00055.html	ja
p00056.html	ja
p00057.html	ja
p00058.html	ja
p00059.html	ja
p00060.html	ja
p00061.html	ja
p00062.html	ja
p00063.html	ja
p00064.html	ja
p00065.html	ja
p00066.html	ja
p00067.html	ja
p00068.html	ja
p00069.html	ja
p00070.html	ja
p00071.html	ja
p00072.html	ja
p00073.html	ja
p00074.html	ja
p00075.html	ja
p00076.html	ja
p00077.html	ja
p00078.html	ja
p00079.html	ja
p00080.html	ja
p00081.html	ja
p00082.html	ja
p00083.html	ja
p00084.html	ja
p00085.html	ja
p00086.html	ja
p00087.html	ja
p00088.html	ja
p00089.html	ja
p00090.html	ja
p00091.html	ja
p00092.html	ja
p00093.html	ja
p00094.html	ja
p00095.html	ja
p00096.html	ja
p00097.html	ja
p00098.html	ja
p00099.html	ja
p00100.html	en
p00101.html	en
p00102.html	en
p00103.html	en
p00104.html	en
p00105.html	ja
p00106.html	en
p00107.html	en
p00108.html	ja
p00109.html	en
p00110.html	ja
p00111.html	ja
p00112.html	ja
p00113.html	ja
p00114.html	ja
p00115.html	ja
p00116.html	ja
p00117.html	ja
p00118.html	ja
p00119.html	ja
p00120.html	ja
p00121.html	ja
p00122.html	ja
p00123.html	ja
p00124.html	ja
p00125.html	ja
p00126.html	ja
p00127.html	ja
p00128.html	ja
p00129.html	ja
p00130.html	ja
p00131.html	ja
p00132.html	ja
p00133.html	ja
p00134.html	ja
p00135.html	ja
p00136.html	ja
p00137.html	ja
p00138.html	ja
p00139.html	ja
p00140.html	ja
p00141.html	ja
p00142.html	ja
p00143.html	ja
p00144.html	ja
p00145.html	ja
p00146.html	ja
p00147.html	ja
p00148.html	ja
p00149.html	ja
p00150.html	en
p00151.html	en
p00152.html	ja
p00153.html	ja
p00154.html	ja
p00155.html	ja
p00156.html	ja
p00157.html	ja
p00158.html	ja
p00159.html	ja
p00160.html	ja
p00161.html	ja
p00162.html	ja
p00163.html	ja
p00164.html	ja
p00165.html	ja
p00166.html	ja
p00167.html	ja
p00168.html	ja
p00169.html	ja
p00170.html	ja
p00171.html	ja
p00172.html	ja
p00173.html	ja
p00174.html	ja
p00175.html	ja
p00176.html	ja
p00177.html	ja
p00178.html	ja
p00179.html	ja
p00180.html	ja
p00181.html	ja
p00182.html	ja
p00183.html	ja
p00184.html	ja
p00185.html	ja
p00186.html	ja
p00187.html	ja
p00188.html	ja
p00189.html	ja
p00190.html	ja
p00191.html	ja
p00192.html	ja
p00193.html	ja
p00194.html	ja
p00195.html	ja
p00196.html	ja
p00197.html	ja
p00198.html	ja
p00199.html	ja
p00200.html	ja
p00201.html	ja
p00202.html	ja
p00203.html	ja
p00204.html	ja
p00205.html	ja
p00206.html	ja
p00207.html	ja
p00208.html	ja
p00209.html	ja
p00210.html	ja
p00211.html	ja
p00212.html	ja
p00213.html	ja
p00214.html	ja
p00215.html	ja
p00216.html	ja
p00217.html	ja
p00218.html	ja
p00219.html	ja
p00220.html	ja
p00221.html	ja
p00222.html	ja
p00223.html	ja
p00224.html	ja
p00225.html	ja
p00226.html	ja
p00227.html	ja
p00228.html	ja
p00229.html	ja
p00230.html	ja
p00231.html	ja
p00232.html	ja
p00233.html	ja
p00234.html	ja
p00235.html	ja
p00236.html	ja
p00237.html	ja
p00238.html	ja
p00239.html	ja
p00240.html	ja
p00241.html	ja
p00242.html	ja
p00243.html	ja
p00244.html	ja
p00245.html	ja
p00246.html	ja
p00247.html	ja
p00248.html	ja
p00249.html	ja
p00250.html	ja
p00251.html	ja
p00252.html	ja
p00253.html	ja
p00254.html	ja
p00255.html	ja
p00256.html	ja
p00257.html	ja
p00258.html	ja
p00259.html	ja
p00260.html	ja
p00261.html	ja
p00262.html	ja
p00263.html	ja
p00264.html	ja
p00265.html	ja
p00266.html	ja
p00267.html	ja
p00268.html	ja
p00269.html	ja
p00270.html	ja
p00271.html	ja
p00272.html	ja
p00273.html	ja
p00274.html	ja
p00275.html	ja
p00276.html	ja
p00277.html	ja
p00278.html	ja
p00279.html	ja
p00280.html	ja
p00281.html	ja
p00282.html	ja
p00283.html	ja
p00284.html	ja
p00285.html	ja
p00286.html	ja
p00287.html	ja
p00288.html	ja
p00289.html	ja
p00290.html	ja
p00291.html	ja
p00292.html	ja
p00293.html	ja
p00294.html	ja
p00295.html	ja
p00296.html	ja
p00297.html	ja
p00298.html	ja
p00299.html	ja
p00300.html	ja
p00301.html	ja
p00302.html	ja
p00303.html	ja
p00304.html	ja
p00305.html	ja
p00306.html	ja
p00307.html	ja
p00308.html	ja
p00309.html	ja
p00310.html	ja
p00311.html	ja
p00312.html	ja
p00313.html	ja
p00314.html	ja
p00315.html	ja
p00316.html	ja
p00317.html	ja
p00318.html	ja
p00319.html	ja
p00320.html	ja
p00321.html	ja
p00322.html	ja
p00323.html	ja
p00324.html	ja
p00325.html	ja
p00326.html	ja
p00327.html	ja
p00328.html	ja
p00329.html	ja
p00330.html	ja
p00331.html	ja
p00332.html	ja
p00333.html	ja
p00334.html	ja
p00335.html	ja
p00336.html	ja
p00337.html	ja
p00338.html	ja
p00339.html	ja
p00340.html	ja
p00341.html	ja
p00342.html	ja
p00343.html	ja
p00344.html	ja
p00345.html	ja
p00346.html	ja
p00347.html	ja
p00348.html	ja
p00349.html	ja
p00350.html	ja
p00351.html	ja
p00352.html	en
p00353.html	en
p00354.html	en
p00355.html	en
p00356.html	en
p00357.html	en
p00358.html	en
p00359.html	en
p00360.html	en
p00361.html	en
p00362.html	en
p00363.html	en
p00364.html	en
p00365.html	en
p00366.html	en
p00367.html	en
p00368.html	en
p00369.html	en
p00370.html	en
p00371.html	en
p00372.html	en
p00373.html	en
p00374.html	en
p00375.html	en
p00376.html	en
p00377.html	en
p00378.html	en
p00379.html	en
p00380.html	en
p00381.html	en
p00382.html	en
p00383.html	en
p00384.html	en
p00385.html	en
p00386.html	en
p00387.html	en
p00388.html	en
p00389.html	en
p00390.html	en
p00391.html	en
p00392.html	en
p00393.html	en
p00394.html	en
p00395.html	en
p00396.html	en
p00397.html	en
p00398.html	en
p00399.html	ja
p00400.html	ja
p00401.html	ja
p00402.html	ja
p00403.html	ja
p00404.html	ja
p00405.html	ja
p00406.html	ja
p00407.html	ja
p00408.html	ja
p00409.html	ja
p00410.html	ja
p00411.html	ja
p00412.html	ja
p00413.html	ja
p00414.html	ja
p00415.html	ja
p00416.html	ja
p00417.html	ja
p00418.html	ja
p00419.html	ja
p00420.html	ja
p00421.html	ja
p00422.html	ja
p00423.html	ja
p00424.html	ja
p00425.html	ja
p00426.html	ja
p00427.html	ja
p00428.html	ja
p00429.html	ja
p00430.html	ja
p00431.html	ja
p00432.html	ja
p00433.html	ja
p00434.html	ja
p00435.html	ja
p00436.html	ja
p00437.html	ja
p00438.html	ja
p00439.html	ja
p00440.html	ja
p00441.html	ja
p00442.html	ja
p00443.html	ja
p00444.html	ja
p00445.html	ja
p00446.html	ja
p00447.html	ja
p00448.html	ja
p00449.html	ja
p00450.html	ja
p00451.html	ja
p00452.html	ja
p00453.html	ja
p00454.html	ja
p00455.html	ja
p00456.html	ja
p00457.html	ja
p00458.html	ja
p00459.html	ja
p00460.html	ja
p00461.html	ja
p00462.html	ja
p00463.html	ja
p00464.html	ja
p00465.html	ja
p00466.html	ja
p00467.html	ja
p00468.html	ja
p00469.html	ja
p00470.html	ja
p00471.html	ja
p00472.html	ja
p00473.html	ja
p00474.html	ja
p00475.html	ja
p00476.html	ja
p00477.html	ja
p00478.html	ja
p00479.html	ja
p00480.html	ja
p00481.html	ja
p00482.html	ja
p00483.html	ja
p00484.html	ja
p00485.html	ja
p00486.html	ja
p00487.html	ja
p00488.html	ja
p00489.html	ja
p00490.html	ja
p00491.html	ja
p00492.html	ja
p00493.html	ja
p00494.html	ja
p00495.html	ja
p00496.html	ja
p00497.html	ja
p00498.html	ja
p00499.html	ja
p00500.html	ja
p00501.html	ja
p00502.html	ja
p00503.html	ja
p00504.html	ja
p00505.html	ja
p00506.html	ja
p00507.html	ja
p00508.html	ja
p00509.html	ja
p00510.html	ja
p00511.html	ja
p00512.html	ja
p00513.html	ja
p00514.html	ja
p00515.html	ja
p00516.html	ja
p00517.html	ja
p00518.html	ja
p00519.html	ja
p00520.html	ja
p00521.html	ja
p00522.html	ja
p00523.html	ja
p00524.html	ja
p00525.html	ja
p00526.html	ja
p00527.html	ja
p00528.html	ja
p00529.html	ja
p00530.html	ja
p00531.html	ja
p00532.html	ja
p00533.html	ja
p00534.html	ja
p00535.html	ja
p00536.html	ja
p00537.html	ja
p00538.html	ja
p00539.html	ja
p00540.html	ja
p00541.html	ja
p00542.html	ja
p00543.html	ja
p00544.html	ja
p00545.html	ja
p00546.html	ja
p00547.html	ja
p00548.html	ja
p00549.html	ja
p00550.html	ja
p00551.html	ja
p00552.html	ja
p00553.html	ja
p00554.html	ja
p00555.html	ja
p00556.html	ja
p00557.html	ja
p00558.html	ja
p00559.html	en
p00560.html	en
p00561.html	en
p00562.html	en
p00563.html	en
p00564.html	ja
p00565.html	ja
p00566.html	ja
p00567.html	ja
p00568.html	ja
p00569.html	ja
p00570.html	ja
p00571.html	ja
p00572.html	ja
p00573.html	ja
p00574.html	ja
p00575.html	ja
p00576.html	ja
p00577.html	ja
p00578.html	ja
p00579.html	ja
p00580.html	ja
p00581.html	ja
p00582.html	ja
p00583.html	ja
p00584.html	ja
p00585.html	ja
p00586.html	en
p00587.html	en
p00588.html	en
p00589.html	en
p00590.html	en
p00591.html	en
p00592.html	en
p00593.html	en
p00594.html	en
p00595.html	en
p00596.html	en
p00597.html	en
p00598.html	en
p00599.html	en
p00600.html	en
p00601.html	en
p00602.html	en
p00603.html	en
p00604.html	en
p00605.html	en
p00606.html	en
p00607.html	en
p00608.html	en
p00609.html	en
p00610.html	en
p00611.html	en
p00612.html	en
p00613.html	en
p00614.html	en
p00615.html	en
p00616.html	ja
p00617.html	ja
p00618.html	ja
p00619.html	ja
p00620.html	ja
p00621.html	ja
p00622.html	ja
p00623.html	ja
p00624.html	ja
p00625.html	ja
p00626.html	ja
p00627.html	ja
p00628.html	ja
p00629.html	ja
p00630.html	ja
p00631.html	ja
p00632.html	ja
p00633.html	ja
p00634.html	ja
p00635.html	ja
p00636.html	ja
p00637.html	en
p00638.html	en
p00639.html	en
p00640.html	en
p00641.html	en
p00642.html	en
p00643.html	en
p00644.html	en
p00645.html	en
p00646.html	en
p00647.html	en
p00648.html	en
p00649.html	en
p00650.html	en
p00651.html	en
p00652.html	en
p00653.html	en
p00654.html	en
p00655.html	en
p00656.html	en
p00657.html	en
p00658.html	en
p00659.html	ja
p00660.html	ja
p00661.html	ja
p00662.html	ja
p00663.html	ja
p00664.html	ja
p00665.html	ja
p00666.html	ja
p00667.html	ja
p00668.html	ja
p00669.html	ja
p00670.html	ja
p00671.html	ja
p00672.html	ja
p00673.html	ja
p00674.html	ja
p00675.html	ja
p00676.html	ja
p00677.html	ja
p00678.html	ja
p00679.html	ja
p00680.html	ja
p00681.html	ja
p00682.html	en
p00683.html	en
p00684.html	en
p00685.html	en
p00686.html	en
p00687.html	en
p00688.html	en
p00689.html	en
p00690.html	en
p00691.html	en
p00692.html	en
p00693.html	en
p00694.html	en
p00695.html	en
p00696.html	en
p00697.html	en
p00698.html	en
p00699.html	en
p00700.html	en
p00701.html	en
p00702.html	en
p00703.html	en
p00704.html	en
p00705.html	en
p00706.html	en
p00707.html	en
p00708.html	en
p00709.html	en
p00710.html	en
p00711.html	en
p00712.html	en
p00713.html	en
p00714.html	en
p00715.html	en
p00716.html	en
p00717.html	en
p00718.html	en
p00719.html	en
p00720.html	en
p00721.html	en
p00722.html	en
p00723.html	en
p00724.html	en
p00725.html	en
p00726.html	en
p00727.html	en
p00728.html	en
p00729.html	en
p00730.html	en
p00731.html	en
p00732.html	en
p00733.html	en
p00734.html	en
p00735.html	en
p00736.html	en
p00737.html	en
p00738.html	en
p00739.html	en
p00740.html	en
p00741.html	en
p00742.html	en
p00743.html	en
p00744.html	en
p00745.html	en
p00746.html	en
p00747.html	en
p00748.html	en
p00749.html	en
p00750.html	en
p00751.html	en
p00752.html	en
p00753.html	en
p00754.html	en
p00755.html	en
p00756.html	en
p00757.html	en
p00758.html	en
p00759.html	en
p00760.html	en
p00761.html	en
p00762.html	en
p00763.html	en
p00764.html	en
p00765.html	en
p00766.html	en
p00767.html	en
p00768.html	en
p00769.html	en
p00770.html	en
p00771.html	en
p00772.html	en
p00773.html	en
p00774.html	en
p00775.html	en
p00776.html	en
p00777.html	en
p00778.html	en
p00779.html	en
p00780.html	en
p00781.html	en
p00782.html	en
p00783.html	en
p00784.html	en
p00785.html	en
p00786.html	en
p00787.html	en
p00788.html	en
p00789.html	en
p00790.html	en
p00791.html	en
p00792.html	en
p00793.html	en
p00794.html	en
p00795.html	en
p00796.html	en
p00797.html	en
p00798.html	en
p00799.html	en
p00800.html	en
p00801.html	en
p00802.html	en
p00803.html	en
p00804.html	en
p00805.html	en
p00806.html	en
p00807.html	en
p00808.html	en
p00809.html	en
p00810.html	en
p00811.html	en
p00812.html	en
p00813.html	en
p00814.html	en
p00815.html	en
p00816.html	en
p00817.html	en
p00818.html	en
p00819.html	en
p00820.html	en
p00821.html	en
p00822.html	en
p00823.html	en
p00824.html	en
p00825.html	en
p00826.html	en
p00827.html	en
p00828.html	en
p00829.html	en
p00830.html	en
p00831.html	en
p00832.html	en
p00833.html	en
p00834.html	en
p00835.html	en
p00836.html	en
p00837.html	en
p00838.html	en
p00839.html	en
p00840.html	en
p00841.html	en
p00842.html	en
p00843.html	en
p00844.html	en
p00845.html	en
p00846.html	en
p00847.html	en
p00848.html	en
p00849.html	en
p00850.html	en
p00851.html	en
p00852.html	en
p00853.html	en
p00854.html	en
p00855.html	en
p00856.html	en
p00857.html	en
p00858.html	en
p00859.html	en
p00860.html	en
p00861.html	en
p00862.html	en
p00863.html	en
p00864.html	en
p00865.html	en
p00866.html	en
p00867.html	en
p00868.html	en
p00869.html	en
p00870.html	en
p00871.html	en
p00872.html	en
p00873.html	en
p00874.html	en
p00875.html	en
p00876.html	en
p00877.html	en
p00878.html	en
p00879.html	en
p00880.html	en
p00881.html	en
p00882.html	en
p00883.html	en
p00884.html	en
p00885.html	en
p00886.html	en
p00887.html	en
p00888.html	en
p00889.html	en
p00890.html	en
p00891.html	en
p00892.html	en
p00893.html	en
p00894.html	en
p00895.html	en
p00896.html	en
p00897.html	en
p00898.html	en
p00899.html	en
p00900.html	en
p00901.html	en
p00902.html	en
p00903.html	en
p00904.html	en
p00905.html	en
p00906.html	en
p00907.html	en
p00908.html	en
p00909.html	en
p00910.html	en
p00911.html	en
p00912.html	en
p00913.html	en
p00914.html	en
p00915.html	en
p00916.html	en
p00917.html	en
p00918.html	en
p00919.html	en
p00920.html	en
p00921.html	en
p00922.html	en
p00923.html	en
p00924.html	en
p00925.html	en
p00926.html	en
p00927.html	en
p00928.html	en
p00929.html	en
p00930.html	en
p00931.html	en
p00932.html	en
p00933.html	en
p00934.html	en
p00935.html	en
p00936.html	en
p00937.html	en
p00938.html	en
p00939.html	en
p00940.html	en
p00941.html	en
p00942.html	en
p00943.html	en
p00944.html	en
p00945.html	en
p00946.html	en
p00947.html	en
p00948.html	en
p00949.html	en
p00950.html	en
p00951.html	en
p00952.html	en
p00953.html	en
p00954.html	en
p00955.html	en
p00956.html	en
p00957.html	en
p00958.html	en
p00959.html	en
p00960.html	en
p00961.html	en
p00962.html	en
p00963.html	en
p00964.html	en
p00965.html	en
p00966.html	en
p00967.html	en
p00968.html	en
p00969.html	en
p00970.html	en
p00971.html	en
p00972.html	en
p00973.html	en
p00974.html	en
p00975.html	en
p00976.html	en
p00977.html	en
p00978.html	en
p00979.html	en
p00980.html	en
p00981.html	en
p00982.html	en
p00983.html	en
p00984.html	en
p00985.html	en
p00986.html	en
p00987.html	en
p00988.html	en
p00989.html	en
p00990.html	ja
p00991.html	ja
p00992.html	ja
p00993.html	ja
p00994.html	ja
p00995.html	ja
p00996.html	ja
p00997.html	ja
p00998.html	ja
p00999.html	ja
p01000.html	ja
p01001.html	ja
p01002.html	ja
p01003.html	ja
p01004.html	ja
p01005.html	ja
p01006.html	ja
p01007.html	ja
p01008.html	ja
p01009.html	ja
p01010.html	ja
p01011.html	ja
p01012.html	ja
p01013.html	ja
p01014.html	ja
p01015.html	ja
p01016.html	ja
p01017.html	ja
p01018.html	ja
p01019.html	ja
p01020.html	ja
p01021.html	ja
p01022.html	ja
p01023.html	ja
p01024.html	ja
p01025.html	ja
p01026.html	ja
p01027.html	ja
p01028.html	ja
p01029.html	ja
p01030.html	ja
p01031.html	ja
p01032.html	ja
p01033.html	ja
p01034.html	ja
p01035.html	ja
p01036.html	ja
p01037.html	ja
p01038.html	ja
p01039.html	ja
p01040.html	ja
p01041.html	ja
p01042.html	ja
p01043.html	ja
p01044.html	ja
p01045.html	ja
p01046.html	ja
p01047.html	ja
p01048.html	ja
p01049.html	ja
p01050.html	ja
p01051.html	ja
p01052.html	ja
p01053.html	ja
p01054.html	ja
p01055.html	ja
p01056.html	ja
p01057.html	ja
p01058.html	ja
p01059.html	ja
p01060.html	ja
p01061.html	ja
p01062.html	ja
p01063.html	ja
p01064.html	ja
p01065.html	ja
p01066.html	ja
p01067.html	ja
p01068.html	ja
p01069.html	ja
p01070.html	ja
p01071.html	ja
p01072.html	ja
p01073.html	ja
p01074.html	ja
p01075.html	ja
p01076.html	ja
p01077.html	ja
p01078.html	ja
p01079.html	ja
p01080.html	ja
p01081.html	ja
p01082.html	ja
p01083.html	ja
p01084.html	ja
p01085.html	en
p01086.html	en
p01087.html	en
p01088.html	en
p01089.html	en
p01090.html	en
p01091.html	en
p01092.html	en
p01093.html	en
p01094.html	en
p01095.html	en
p01096.html	en
p01097.html	en
p01098.html	en
p01099.html	en
p01100.html	en
p01101.html	en
p01102.html	en
p01103.html	en
p01104.html	en
p01105.html	en
p01106.html	en
p01107.html	en
p01108.html	en
p01109.html	en
p01110.html	en
p01111.html	en
p01112.html	en
p01113.html	en
p01114.html	en
p01115.html	en
p01116.html	en
p01117.html	en
p01118.html	en
p01119.html	en
p01120.html	en
p01121.html	en
p01122.html	en
p01123.html	en
p01124.html	en
p01125.html	ja
p01126.html	ja
p01127.html	ja
p01128.html	ja
p01129.html	ja
p01130.html	ja
p01131.html	ja
p01132.html	ja
p01133.html	ja
p01134.html	ja
p01135.html	ja
p01136.html	ja
p01137.html	ja
p01138.html	ja
p01139.html	ja
p01140.html	ja
p01141.html	ja
p01142.html	ja
p01143.html	ja
p01144.html	ja
p01145.html	ja
p01146.html	ja
p01147.html	ja
p01148.html	ja
p01149.html	en
p01150.html	en
p01151.html	en
p01152.html	en
p01153.html	en
p01154.html	en
p01155.html	en
p01156.html	en
p01157.html	en
p01158.html	en
p01159.html	en
p01160.html	en
p01161.html	en
p01162.html	en
p01163.html	en
p01164.html	en
p01165.html	en
p01166.html	en
p01167.html	en
p01168.html	en
p01169.html	en
p01170.html	en
p01171.html	en
p01172.html	en
p01173.html	en
p01174.html	en
p01175.html	en
p01176.html	en
p01177.html	en
p01178.html	en
p01179.html	en
p01180.html	en
p01181.html	en
p01182.html	en
p01183.html	en
p01184.html	en
p01185.html	en
p01186.html	en
p01187.html	en
p01188.html	en
p01189.html	en
p01190.html	en
p01191.html	en
p01192.html	en
p01193.html	en
p01194.html	en
p01195.html	en
p01196.html	en
p01197.html	en
p01198.html	en
p01199.html	en
p01200.html	en
p01201.html	en
p01202.html	en
p01203.html	en
p01204.html	en
p01205.html	en
p01206.html	en
p01207.html	en
p01208.html	en
p01209.html	en
p01210.html	en
p01211.html	en
p01212.html	en
p01213.html	en
p01214.html	en
p01215.html	en
p01216.html	en
p01217.html	en
p01218.html	en
p01219.html	en
p01220.html	en
p01221.html	en
p01222.html	en
p01223.html	ja
p01224.html	ja
p01225.html	ja
p01226.html	ja
p01227.html	ja
p01228.html	ja
p01229.html	ja
p01230.html	ja
p01231.html	ja
p01232.html	ja
p01233.html	ja
p01234.html	en
p01235.html	en
p01236.html	en
p01237.html	en
p01238.html	en
p01239.html	en
p01240.html	en
p01241.html	en
p01242.html	en
p01243.html	en
p01244.html	en
p01245.html	en
p01246.html	en
p01247.html	en
p01248.html	en
p01249.html	en
p01250.html	en
p01251.html	en
p01252.html	en
p01253.html	en
p01254.html	en
p01255.html	en
p01256.html	en
p01257.html	en
p01258.html	en
p01259.html	en
p01260.html	en
p01261.html	en
p01262.html	en
p01263.html	en
p01264.html	en
p01265.html	en
p01266.html	en
p01267.html	ja
p01268.html	ja
p01269.html	ja
p01270.html	ja
p01271.html	ja
p01272.html	ja
p01273.html	en
p01274.html	en
p01275.html	en
p01276.html	en
p01277.html	en
p01278.html	en
p01279.html	en
p01280.html	en
p01281.html	en
p01282.html	en
p01283.html	en
p01284.html	en
p01285.html	en
p01286.html	en
p01287.html	en
p01288.html	en
p01289.html	en
p01290.html	en
p01291.html	en
p01292.html	en
p01293.html	en
p01294.html	en
p01295.html	en
p01296.html	en
p01297.html	en
p01298.html	en
p01299.html	en
p01300.html	en
p01301.html	en
p01302.html	en
p01303.html	ja
p01304.html	ja
p01305.html	ja
p01306.html	ja
p01307.html	ja
p01308.html	ja
p01309.html	ja
p01310.html	ja
p01311.html	ja
p01312.html	ja
p01313.html	ja
p01314.html	ja
p01315.html	ja
p01316.html	ja
p01317.html	ja
p01318.html	ja
p01319.html	ja
p01320.html	ja
p01321.html	ja
p01322.html	ja
p01323.html	ja
p01324.html	ja
p01325.html	ja
p01326.html	ja
p01327.html	ja
p01328.html	ja
p01329.html	ja
p01330.html	ja
p01331.html	ja
p01332.html	ja
p01333.html	ja
p01334.html	ja
p01335.html	ja
p01336.html	ja
p01337.html	ja
p01338.html	ja
p01339.html	en
p01340.html	en
p01341.html	en
p01342.html	en
p01343.html	en
p01344.html	en
p01345.html	en
p01346.html	en
p01347.html	en
p01348.html	en
p01349.html	ja
p01350.html	ja
p01351.html	ja
p01352.html	ja
p01353.html	ja
p01354.html	ja
p01355.html	ja
p01356.html	ja
p01357.html	ja
p01358.html	ja
p01359.html	en
p01360.html	en
p01361.html	en
p01362.html	en
p01363.html	en
p01364.html	en
p01365.html	en
p01366.html	en
p01367.html	en
p01368.html	en
p01369.html	ja
p01370.html	ja
p01371.html	ja
p01372.html	ja
p01373.html	ja
p01374.html	ja
p01375.html	ja
p01376.html	ja
p01377.html	ja
p01378.html	ja
p01379.html	ja
p01380.html	ja
p01381.html	ja
p01382.html	ja
p01383.html	ja
p01384.html	ja
p01385.html	ja
p01386.html	ja
p01387.html	ja
p01388.html	ja
p01389.html	ja
p01390.html	ja
p01391.html	ja
p01392.html	ja
p01393.html	ja
p01394.html	ja
p01395.html	ja
p01396.html	ja
p01397.html	ja
p01398.html	ja
p01399.html	ja
p01400.html	ja
p01401.html	ja
p01402.html	ja
p01403.html	ja
p01404.html	ja
p01405.html	ja
p01406.html	ja
p01407.html	ja
p01408.html	ja
p01409.html	ja
p01410.html	ja
p01411.html	ja
p01412.html	ja
p01413.html	ja
p01414.html	ja
p01415.html	ja
p01416.html	ja
p01417.html	en
p01418.html	en
p01419.html	en
p01420.html	en
p01421.html	en
p01422.html	en
p01423.html	en
p01424.html	en
p01425.html	en
p01426.html	en
p01427.html	ja
p01428.html	ja
p01429.html	ja
p01430.html	ja
p01431.html	ja
p01432.html	ja
p01433.html	ja
p01434.html	ja
p01435.html	ja
p01436.html	ja
p01437.html	en
p01438.html	en
p01439.html	en
p01440.html	en
p01441.html	en
p01442.html	en
p01443.html	en
p01444.html	en
p01445.html	en
p01446.html	en
p01447.html	ja
p01448.html	ja
p01449.html	ja
p01450.html	ja
p01451.html	ja
p01452.html	ja
p01453.html	ja
p01454.html	ja
p01455.html	ja
p01456.html	ja
p01457.html	en
p01458.html	en
p01459.html	en
p01460.html	en
p01461.html	en
p01462.html	en
p01463.html	en
p01464.html	en
p01465.html	en
p01466.html	en
p01467.html	ja
p01468.html	ja
p01469.html	ja
p01470.html	ja
p01471.html	ja
p01472.html	ja
p01473.html	ja
p01474.html	ja
p01475.html	ja
p01476.html	ja
p01477.html	ja
p01478.html	ja
p01479.html	ja
p01480.html	ja
p01481.html	ja
p01482.html	ja
p01483.html	ja
p01484.html	ja
p01485.html	ja
p01486.html	ja
p01487.html	ja
p01488.html	ja
p01489.html	ja
p01490.html	ja
p01491.html	ja
p01492.html	ja
p01493.html	ja
p01494.html	ja
p01495.html	ja
p01496.html	en
p01497.html	en
p01498.html	en
p01499.html	en
p01500.html	en
p01501.html	en
p01502.html	en
p01503.html	en
p01504.html	en
p01505.html	en
p01506.html	en
p01507.html	en
p01508.html	en
p01509.html	en
p01510.html	en
p01511.html	en
p01512.html	en
p01513.html	ja
p01514.html	ja
p01515.html	ja
p01516.html	ja
p01517.html	ja
p01518.html	ja
p01519.html	ja
p01520.html	ja
p01521.html	ja
p01522.html	ja
p01523.html	ja
p01524.html	ja
p01525.html	ja
p01526.html	ja
p01527.html	ja
p01528.html	ja
p01529.html	ja
p01530.html	ja
p01531.html	ja
p01532.html	ja
p01533.html	ja
p01534.html	ja
p01535.html	ja
p01536.html	ja
p01537.html	ja
p01538.html	ja
p01539.html	ja
p01540.html	ja
p01541.html	ja
p01542.html	ja
p01543.html	ja
p01544.html	ja
p01545.html	ja
p01546.html	ja
p01547.html	ja
p01548.html	ja
p01549.html	ja
p01550.html	ja
p01551.html	ja
p01552.html	ja
p01553.html	ja
p01554.html	ja
p01555.html	ja
p01556.html	ja
p01557.html	ja
p01558.html	ja
p01559.html	ja
p01560.html	ja
p01561.html	en
p01562.html	en
p01563.html	en
p01564.html	en
p01565.html	en
p01566.html	en
p01567.html	en
p01568.html	en
p01569.html	en
p01570.html	en
p01571.html	en
p01572.html	en
p01573.html	en
p01574.html	en
p01575.html	en
p01576.html	en
p01577.html	en
p01578.html	en
p01579.html	en
p01580.html	en
p01581.html	en
p01582.html	en
p01583.html	en
p01584.html	en
p01585.html	en
p01586.html	en
p01587.html	en
p01588.html	en
p01589.html	en
p01590.html	en
p01591.html	en
p01592.html	en
p01593.html	en
p01594.html	en
p01595.html	en
p01596.html	en
p01597.html	en
p01598.html	en
p01599.html	en
p01600.html	en
p01601.html	ja
p01602.html	ja
p01603.html	ja
p01604.html	ja
p01605.html	ja
p01606.html	ja
p01607.html	ja
p01608.html	ja
p01609.html	ja
p01610.html	ja
p01611.html	ja
p01612.html	ja
p01613.html	ja
p01614.html	ja
p01615.html	ja
p01616.html	ja
p01617.html	ja
p01618.html	ja
p01619.html	ja
p01620.html	ja
p01621.html	ja
p01622.html	ja
p01623.html	ja
p01624.html	ja
p01625.html	ja
p01626.html	ja
p01627.html	ja
p01628.html	ja
p01629.html	ja
p01630.html	ja
p01631.html	ja
p01632.html	ja
p01633.html	ja
p01634.html	ja
p01635.html	ja
p01636.html	ja
p01637.html	ja
p01638.html	ja
p01639.html	ja
p01640.html	ja
p01641.html	ja
p01642.html	ja
p01643.html	ja
p01644.html	ja
p01645.html	ja
p01646.html	en
p01647.html	en
p01648.html	en
p01649.html	en
p01650.html	en
p01651.html	en
p01652.html	en
p01653.html	en
p01654.html	en
p01655.html	en
p01656.html	ja
p01657.html	ja
p01658.html	ja
p01659.html	ja
p01660.html	ja
p01661.html	ja
p01662.html	ja
p01663.html	ja
p01664.html	ja
p01665.html	ja
p01666.html	ja
p01667.html	en
p01668.html	en
p01669.html	en
p01670.html	en
p01671.html	en
p01672.html	en
p01673.html	en
p01674.html	hi
p01675.html	en
p01676.html	en
p01677.html	en
p01678.html	en
p01679.html	en
p01680.html	en
p01681.html	en
p01682.html	en
p01683.html	en
p01684.html	en
p01685.html	en
p01686.html	en
p01687.html	ja
p01688.html	ja
p01689.html	ja
p01690.html	ja
p01691.html	ja
p01692.html	ja
p01693.html	ja
p01694.html	ja
p01695.html	ja
p01696.html	ja
p01697.html	ja
p01698.html	ja
p01699.html	ja
p01700.html	ja
p01701.html	en
p01702.html	en
p01703.html	en
p01704.html	en
p01705.html	en
p01706.html	en
p01707.html	en
p01708.html	en
p01709.html	en
p01710.html	en
p01711.html	en
p01712.html	ja
p01713.html	ja
p01714.html	ja
p01715.html	ja
p01716.html	ja
p01717.html	ja
p01718.html	ja
p01719.html	ja
p01720.html	ja
p01721.html	ja
p01722.html	ja
p01723.html	ja
p01724.html	ja
p01725.html	ja
p01726.html	ja
p01727.html	ja
p01728.html	ja
p01729.html	ja
p01730.html	ja
p01731.html	en
p01732.html	en
p01733.html	en
p01734.html	en
p01735.html	en
p01736.html	en
p01737.html	en
p01738.html	en
p01739.html	en
p01740.html	en
p01741.html	ja
p01742.html	ja
p01743.html	ja
p01744.html	ja
p01745.html	ja
p01746.html	ja
p01747.html	ja
p01748.html	ja
p01749.html	ja
p01750.html	ja
p01751.html	ja
p01752.html	ja
p01753.html	ja
p01754.html	ja
p01755.html	ja
p01756.html	ja
p01757.html	ja
p01758.html	ja
p01759.html	ja
p01760.html	ja
p01761.html	ja
p01762.html	ja
p01763.html	ja
p01764.html	ja
p01765.html	ja
p01766.html	ja
p01767.html	ja
p01768.html	ja
p01769.html	ja
p01770.html	ja
p01771.html	ja
p01772.html	ja
p01773.html	ja
p01774.html	ja
p01775.html	ja
p01776.html	ja
p01777.html	ja
p01778.html	ja
p01779.html	ja
p01780.html	en
p01781.html	en
p01782.html	en
p01783.html	en
p01784.html	en
p01785.html	en
p01786.html	en
p01787.html	en
p01788.html	en
p01789.html	en
p01790.html	en
p01791.html	en
p01792.html	en
p01793.html	en
p01794.html	en
p01795.html	en
p01796.html	en
p01797.html	en
p01798.html	en
p01799.html	en
p01800.html	en
p01801.html	en
p01802.html	ja
p01803.html	ja
p01804.html	ja
p01805.html	ja
p01806.html	ja
p01807.html	ja
p01808.html	ja
p01809.html	ja
p01810.html	ja
p01811.html	ja
p01812.html	ja
p01813.html	ja
p01814.html	ja
p01815.html	ja
p01816.html	ja
p01817.html	ja
p01818.html	ja
p01819.html	en
p01820.html	en
p01821.html	en
p01822.html	en
p01823.html	en
p01824.html	en
p01825.html	en
p01826.html	en
p01827.html	en
p01828.html	en
p01829.html	en
p01830.html	en
p01831.html	en
p01832.html	en
p01833.html	en
p01834.html	en
p01835.html	en
p01836.html	en
p01837.html	en
p01838.html	en
p01839.html	ja
p01840.html	ja
p01841.html	ja
p01842.html	ja
p01843.html	ja
p01844.html	ja
p01845.html	ja
p01846.html	ja
p01847.html	ja
p01848.html	ja
p01849.html	ja
p01850.html	ja
p01851.html	ja
p01852.html	ja
p01853.html	ja
p01854.html	ja
p01855.html	ja
p01856.html	ja
p01857.html	ja
p01858.html	ja
p01859.html	ja
p01860.html	ja
p01861.html	ja
p01862.html	ja
p01863.html	ja
p01864.html	ja
p01865.html	ja
p01866.html	ja
p01867.html	ja
p01868.html	ja
p01869.html	ja
p01870.html	ja
p01871.html	ja
p01872.html	ja
p01873.html	ja
p01874.html	ja
p01875.html	ja
p01876.html	ja
p01877.html	ja
p01878.html	ja
p01879.html	ja
p01880.html	en
p01881.html	en
p01882.html	en
p01883.html	en
p01884.html	en
p01885.html	en
p01886.html	en
p01887.html	en
p01888.html	en
p01889.html	en
p01890.html	en
p01891.html	ja
p01892.html	ja
p01893.html	ja
p01894.html	ja
p01895.html	ja
p01896.html	ja
p01897.html	ja
p01898.html	ja
p01899.html	ja
p01900.html	ja
p01901.html	ja
p01902.html	ja
p01903.html	ja
p01904.html	ja
p01905.html	ja
p01906.html	ja
p01907.html	ja
p01908.html	ja
p01909.html	ja
p01910.html	ja
p01911.html	ja
p01912.html	ja
p01913.html	ja
p01914.html	ja
p01915.html	ja
p01916.html	ja
p01917.html	ja
p01918.html	ja
p01919.html	ja
p01920.html	ja
p01921.html	ja
p01922.html	ja
p01923.html	ja
p01924.html	ja
p01925.html	ja
p01926.html	ja
p01927.html	ja
p01928.html	ja
p01929.html	ja
p01930.html	ja
p01931.html	ja
p01932.html	ja
p01933.html	ja
p01934.html	ja
p01935.html	ja
p01936.html	ja
p01937.html	ja
p01938.html	ja
p01939.html	ja
p01940.html	ja
p01941.html	ja
p01942.html	ja
p01943.html	ja
p01944.html	ja
p01945.html	en
p01946.html	en
p01947.html	en
p01948.html	en
p01949.html	en
p01950.html	en
p01951.html	en
p01952.html	en
p01953.html	en
p01954.html	en
p01955.html	en
p01956.html	en
p01957.html	en
p01958.html	en
p01959.html	en
p01960.html	en
p01961.html	en
p01962.html	en
p01963.html	en
p01964.html	en
p01965.html	en
p01966.html	en
p01967.html	en
p01968.html	en
p01969.html	en
p01970.html	en
p01971.html	en
p01972.html	en
p01973.html	en
p01974.html	ja
p01975.html	ja
p01976.html	ja
p01977.html	ja
p01978.html	ja
p01979.html	ja
p01980.html	ja
p01981.html	ja
p01982.html	ja
p01983.html	ja
p01984.html	ja
p01985.html	ja
p01986.html	ja
p01987.html	ja
p01988.html	ja
p01989.html	ja
p01990.html	ja
p01991.html	ja
p01992.html	ja
p01993.html	ja
p01994.html	ja
p01995.html	ja
p01996.html	ja
p01997.html	ja
p01998.html	ja
p01999.html	ja
p02000.html	ja
p02001.html	ja
p02002.html	ja
p02003.html	ja
p02004.html	en
p02005.html	en
p02006.html	en
p02007.html	en
p02008.html	en
p02009.html	en
p02010.html	en
p02011.html	en
p02012.html	en
p02013.html	en
p02014.html	en
p02015.html	ja
p02016.html	ja
p02017.html	ja
p02018.html	ja
p02019.html	ja
p02020.html	ja
p02021.html	ja
p02022.html	ja
p02023.html	ja
p02024.html	ja
p02025.html	ja
p02026.html	ja
p02027.html	ja
p02028.html	ja
p02029.html	ja
p02030.html	ja
p02031.html	ja
p02032.html	ja
p02033.html	ja
p02034.html	ja
p02035.html	ja
p02036.html	ja
p02037.html	ja
p02038.html	ja
p02039.html	ja
p02040.html	ja
p02041.html	ja
p02042.html	ja
p02043.html	ja
p02044.html	ja
p02045.html	ja
p02046.html	ja
p02047.html	ja
p02048.html	ja
p02049.html	ja
p02050.html	ja
p02051.html	ja
p02052.html	ja
p02053.html	ja
p02054.html	ja
p02055.html	ja
p02056.html	ja
p02057.html	ja
p02058.html	ja
p02059.html	ja
p02060.html	ja
p02061.html	ja
p02062.html	ja
p02063.html	ja
p02064.html	ja
p02065.html	ja
p02066.html	ja
p02067.html	en
p02068.html	en
p02069.html	en
p02070.html	en
p02071.html	en
p02072.html	en
p02073.html	en
p02074.html	en
p02075.html	en
p02076.html	en
p02077.html	en
p02078.html	ja
p02079.html	ja
p02080.html	ja
p02081.html	ja
p02082.html	ja
p02083.html	ja
p02084.html	ja
p02085.html	ja
p02086.html	ja
p02087.html	ja
p02088.html	en
p02089.html	en
p02090.html	en
p02091.html	en
p02092.html	en
p02093.html	en
p02094.html	en
p02095.html	en
p02096.html	en
p02097.html	en
p02098.html	ja
p02099.html	ja
p02100.html	ja
p02101.html	ja
p02102.html	ja
p02103.html	ja
p02104.html	ja
p02105.html	ja
p02106.html	ja
p02107.html	ja
p02108.html	ja
p02109.html	ja
p02110.html	ja
p02111.html	ja
p02112.html	ja
p02113.html	ja
p02114.html	ja
p02115.html	ja
p02116.html	ja
p02117.html	ja
p02118.html	ja
p02119.html	ja
p02120.html	ja
p02121.html	ja
p02122.html	ja
p02123.html	ja
p02124.html	ja
p02125.html	ja
p02126.html	ja
p02127.html	ja
p02128.html	ja
p02129.html	ja
p02130.html	ja
p02131.html	ja
p02132.html	ja
p02133.html	ja
p02134.html	ja
p02135.html	ja
p02136.html	ja
p02137.html	ja
p02138.html	ja
p02139.html	ja
p02140.html	ja
p02141.html	ja
p02142.html	ja
p02143.html	ja
p02144.html	ja
p02145.html	ja
p02146.html	ja
p02147.html	ja
p02148.html	ja
p02149.html	ja
p02150.html	ja
p02151.html	ja
p02152.html	ja
p02153.html	ja
p02154.html	ja
p02155.html	ja
p02156.html	ja
p02157.html	ja
p02158.html	ja
p02159.html	ja
p02160.html	ja
p02161.html	ja
p02162.html	ja
p02163.html	ja
p02164.html	ja
p02165.html	ja
p02166.html	ja
p02167.html	ja
p02168.html	ja
p02169.html	ja
p02170.html	ja
p02171.html	ja
p02172.html	ja
p02173.html	ja
p02174.html	ja
p02175.html	ja
p02176.html	ja
p02177.html	ja
p02178.html	ja
p02179.html	ja
p02180.html	ja
p02181.html	ja
p02182.html	ja
p02183.html	ja
p02184.html	ja
p02185.html	ja
p02186.html	ja
p02187.html	ja
p02188.html	ja
p02189.html	ja
p02190.html	ja
p02191.html	ja
p02192.html	ja
p02193.html	ja
p02194.html	ja
p02195.html	ja
p02196.html	ja
p02197.html	ja
p02198.html	ja
p02199.html	ja
p02200.html	ja
p02201.html	ja
p02202.html	ja
p02203.html	ja
p02204.html	ja
p02205.html	ja
p02206.html	ja
p02207.html	ja
p02208.html	ja
p02209.html	ja
p02210.html	ja
p02211.html	ja
p02212.html	ja
p02213.html	ja
p02214.html	ja
p02215.html	ja
p02216.html	ja
p02217.html	ja
p02218.html	ja
p02219.html	ja
p02220.html	ja
p02221.html	ja
p02222.html	ja
p02223.html	ja
p02224.html	ja
p02225.html	en
p02226.html	ja
p02227.html	ja
p02228.html	pt
p02229.html	ur
p02230.html	en
p02231.html	en
p02232.html	en
p02233.html	en
p02234.html	en
p02235.html	en
p02236.html	en
p02237.html	en
p02238.html	en
p02239.html	en
p02240.html	en
p02241.html	en
p02242.html	en
p02243.html	en
p02244.html	en
p02245.html	en
p02246.html	en
p02247.html	en
p02248.html	en
p02249.html	en
p02250.html	en
p02251.html	en
p02252.html	en
p02253.html	en
p02254.html	en
p02255.html	en
p02256.html	en
p02257.html	en
p02258.html	en
p02259.html	en
p02260.html	en
p02261.html	en
p02262.html	en
p02263.html	en
p02264.html	en
p02265.html	en
p02266.html	en
p02267.html	en
p02268.html	en
p02269.html	en
p02270.html	en
p02271.html	en
p02272.html	en
p02273.html	en
p02274.html	en
p02275.html	en
p02276.html	en
p02277.html	en
p02278.html	en
p02279.html	en
p02280.html	en
p02281.html	en
p02282.html	en
p02283.html	en
p02284.html	en
p02285.html	en
p02286.html	en
p02287.html	en
p02288.html	en
p02289.html	en
p02290.html	en
p02291.html	en
p02292.html	en
p02293.html	en
p02294.html	en
p02295.html	en
p02296.html	en
p02297.html	en
p02298.html	en
p02299.html	en
p02300.html	en
p02301.html	en
p02302.html	en
p02303.html	en
p02304.html	en
p02305.html	en
p02306.html	en
p02307.html	en
p02308.html	en
p02309.html	en
p02310.html	en
p02311.html	en
p02312.html	en
p02313.html	en
p02314.html	en
p02315.html	en
p02316.html	en
p02317.html	en
p02318.html	en
p02319.html	en
p02320.html	en
p02321.html	en
p02322.html	en
p02323.html	en
p02324.html	en
p02325.html	en
p02326.html	en
p02327.html	en
p02328.html	en
p02329.html	en
p02330.html	en
p02331.html	en
p02332.html	en
p02333.html	en
p02334.html	en
p02335.html	en
p02336.html	en
p02337.html	en
p02338.html	en
p02339.html	en
p02340.html	en
p02341.html	en
p02342.html	en
p02343.html	en
p02344.html	en
p02345.html	en
p02346.html	en
p02347.html	en
p02348.html	en
p02349.html	en
p02350.html	en
p02351.html	en
p02352.html	en
p02353.html	en
p02354.html	en
p02355.html	en
p02356.html	en
p02357.html	en
p02358.html	en
p02359.html	en
p02360.html	en
p02361.html	en
p02362.html	en
p02363.html	en
p02364.html	en
p02365.html	en
p02366.html	en
p02367.html	en
p02368.html	en
p02369.html	en
p02370.html	en
p02371.html	en
p02372.html	en
p02373.html	en
p02374.html	en
p02375.html	en
p02376.html	en
p02377.html	en
p02378.html	en
p02379.html	en
p02380.html	en
p02381.html	en
p02382.html	en
p02383.html	en
p02384.html	en
p02385.html	en
p02386.html	en
p02387.html	en
p02388.html	en
p02389.html	en
p02390.html	en
p02391.html	en
p02392.html	en
p02393.html	en
p02394.html	en
p02395.html	en
p02396.html	en
p02397.html	en
p02398.html	en
p02399.html	en
p02400.html	en
p02401.html	en
p02402.html	en
p02403.html	en
p02404.html	en
p02405.html	en
p02406.html	en
p02407.html	en
p02408.html	en
p02409.html	en
p02410.html	en
p02411.html	en
p02412.html	en
p02413.html	en
p02414.html	en
p02415.html	en
p02416.html	en
p02417.html	en
p02418.html	en
p02419.html	en
p02420.html	en
p02421.html	en
p02422.html	en
p02423.html	en
p02424.html	en
p02425.html	en
p02426.html	en
p02427.html	en
p02428.html	en
p02429.html	en
p02430.html	en
p02431.html	en
p02432.html	en
p02433.html	en
p02434.html	en
p02435.html	en
p02436.html	en
p02437.html	en
p02438.html	en
p02439.html	en
p02440.html	en
p02441.html	en
p02442.html	en
p02443.html	en
p02444.html	en
p02445.html	en
p02446.html	en
p02447.html	en
p02448.html	en
p02449.html	en
p02450.html	en
p02451.html	en
p02452.html	en
p02453.html	en
p02454.html	en
p02455.html	en
p02456.html	en
p02457.html	en
p02458.html	en
p02459.html	en
p02460.html	en
p02461.html	en
p02462.html	en
p02463.html	en
p02464.html	en
p02465.html	en
p02466.html	en
p02467.html	en
p02468.html	en
p02469.html	en
p02470.html	en
p02471.html	en
p02472.html	en
p02473.html	en
p02474.html	en
p02475.html	en
p02476.html	en
p02477.html	en
p02478.html	en
p02533.html	ja
p02534.html	en
p02535.html	en
p02536.html	en
p02537.html	en
p02538.html	en
p02539.html	en
p02540.html	en
p02541.html	en
p02542.html	en
p02543.html	en
p02544.html	en
p02545.html	en
p02546.html	en
p02547.html	en
p02548.html	en
p02549.html	en
p02550.html	en
p02551.html	en
p02552.html	en
p02553.html	en
p02554.html	en
p02555.html	en
p02556.html	en
p02557.html	en
p02558.html	en
p02559.html	en
p02560.html	en
p02561.html	en
p02562.html	en
p02563.html	en
p02564.html	en
p02565.html	en
p02566.html	en
p02567.html	en
p02568.html	en
p02569.html	en
p02570.html	en
p02571.html	en
p02572.html	en
p02573.html	en
p02574.html	en
p02575.html	en
p02576.html	en
p02577.html	en
p02578.html	en
p02579.html	en
p02580.html	en
p02581.html	en
p02582.html	en
p02583.html	en
p02584.html	en
p02585.html	en
p02586.html	en
p02587.html	en
p02588.html	en
p02589.html	en
p02590.html	en
p02591.html	en
p02592.html	en
p02593.html	en
p02594.html	en
p02595.html	en
p02596.html	en
p02597.html	en
p02598.html	en
p02599.html	en
p02600.html	en
p02601.html	en
p02602.html	en
p02603.html	en
p02604.html	en
p02605.html	en
p02606.html	en
p02607.html	en
p02608.html	en
p02609.html	en
p02610.html	en
p02611.html	en
p02612.html	en
p02613.html	en
p02614.html	en
p02615.html	en
p02616.html	en
p02617.html	en
p02618.html	en
p02619.html	en
p02620.html	en
p02621.html	en
p02622.html	en
p02623.html	en
p02624.html	en
p02625.html	en
p02626.html	en
p02627.html	en
p02628.html	en
p02629.html	en
p02630.html	en
p02631.html	en
p02632.html	en
p02633.html	en
p02634.html	en
p02635.html	en
p02636.html	en
p02637.html	en
p02638.html	en
p02639.html	en
p02640.html	en
p02641.html	en
p02642.html	en
p02643.html	en
p02644.html	en
p02645.html	en
p02646.html	en
p02647.html	en
p02648.html	en
p02649.html	en
p02650.html	en
p02651.html	en
p02652.html	en
p02653.html	en
p02654.html	en
p02655.html	en
p02656.html	en
p02657.html	en
p02658.html	en
p02659.html	en
p02660.html	en
p02661.html	en
p02662.html	en
p02663.html	en
p02664.html	en
p02665.html	en
p02666.html	en
p02667.html	en
p02668.html	en
p02669.html	en
p02670.html	en
p02671.html	en
p02672.html	en
p02673.html	en
p02674.html	en
p02675.html	en
p02676.html	en
p02677.html	en
p02678.html	en
p02679.html	en
p02680.html	en
p02681.html	en
p02682.html	en
p02683.html	en
p02684.html	en
p02685.html	en
p02686.html	en
p02687.html	en
p02688.html	en
p02689.html	en
p02690.html	en
p02691.html	en
p02692.html	en
p02693.html	en
p02694.html	en
p02695.html	en
p02696.html	en
p02697.html	en
p02698.html	en
p02699.html	en
p02700.html	en
p02701.html	en
p02702.html	en
p02703.html	en
p02704.html	en
p02705.html	en
p02706.html	en
p02707.html	en
p02708.html	en
p02709.html	en
p02710.html	en
p02711.html	en
p02712.html	en
p02713.html	en
p02714.html	en
p02715.html	en
p02716.html	en
p02717.html	en
p02718.html	en
p02719.html	en
p02720.html	en
p02721.html	en
p02722.html	en
p02723.html	en
p02724.html	en
p02725.html	en
p02726.html	en
p02727.html	en
p02728.html	en
p02729.html	en
p02730.html	en
p02731.html	en
p02732.html	en
p02733.html	en
p02734.html	en
p02735.html	en
p02736.html	en
p02737.html	en
p02738.html	en
p02739.html	en
p02740.html	en
p02741.html	en
p02742.html	en
p02743.html	en
p02744.html	en
p02745.html	en
p02746.html	en
p02747.html	en
p02748.html	en
p02749.html	en
p02750.html	en
p02751.html	en
p02752.html	en
p02753.html	en
p02754.html	en
p02755.html	en
p02756.html	en
p02757.html	en
p02758.html	en
p02759.html	en
p02760.html	en
p02761.html	en
p02762.html	en
p02763.html	en
p02764.html	en
p02765.html	en
p02766.html	en
p02767.html	en
p02768.html	en
p02769.html	en
p02770.html	en
p02771.html	en
p02772.html	en
p02773.html	en
p02774.html	en
p02775.html	en
p02776.html	en
p02777.html	en
p02778.html	en
p02779.html	en
p02780.html	en
p02781.html	en
p02782.html	en
p02783.html	en
p02784.html	en
p02785.html	en
p02786.html	en
p02787.html	en
p02788.html	en
p02789.html	en
p02790.html	en
p02791.html	en
p02792.html	en
p02793.html	en
p02794.html	en
p02795.html	en
p02796.html	en
p02797.html	en
p02798.html	en
p02799.html	en
p02800.html	en
p02801.html	en
p02802.html	en
p02803.html	en
p02804.html	en
p02805.html	en
p02806.html	en
p02807.html	en
p02808.html	en
p02809.html	en
p02810.html	en
p02811.html	en
p02812.html	en
p02813.html	en
p02814.html	en
p02815.html	en
p02816.html	en
p02817.html	en
p02818.html	en
p02819.html	en
p02820.html	en
p02821.html	en
p02822.html	en
p02823.html	en
p02824.html	en
p02825.html	en
p02826.html	en
p02827.html	en
p02828.html	en
p02829.html	en
p02830.html	en
p02831.html	en
p02832.html	en
p02833.html	en
p02834.html	en
p02835.html	en
p02836.html	en
p02837.html	en
p02838.html	en
p02839.html	en
p02840.html	en
p02841.html	en
p02842.html	en
p02843.html	en
p02844.html	en
p02845.html	en
p02846.html	en
p02847.html	en
p02848.html	en
p02849.html	en
p02850.html	en
p02851.html	en
p02852.html	en
p02853.html	en
p02854.html	en
p02855.html	en
p02856.html	en
p02857.html	en
p02858.html	en
p02859.html	en
p02860.html	en
p02861.html	en
p02862.html	en
p02863.html	en
p02864.html	en
p02865.html	en
p02866.html	en
p02867.html	en
p02868.html	en
p02869.html	en
p02870.html	en
p02871.html	en
p02872.html	en
p02873.html	en
p02874.html	en
p02875.html	en
p02876.html	en
p02877.html	en
p02878.html	en
p02879.html	en
p02880.html	en
p02881.html	en
p02882.html	en
p02883.html	en
p02884.html	en
p02885.html	en
p02886.html	en
p02887.html	en
p02888.html	en
p02889.html	en
p02890.html	en
p02891.html	en
p02892.html	en
p02893.html	en
p02894.html	en
p02895.html	en
p02896.html	en
p02897.html	en
p02898.html	en
p02899.html	en
p02900.html	en
p02901.html	en
p02902.html	en
p02903.html	en
p02904.html	en
p02905.html	en
p02906.html	en
p02907.html	en
p02908.html	en
p02909.html	en
p02910.html	en
p02911.html	en
p02912.html	en
p02913.html	en
p02914.html	en
p02915.html	en
p02916.html	en
p02917.html	en
p02918.html	en
p02919.html	en
p02920.html	en
p02921.html	en
p02922.html	en
p02923.html	en
p02924.html	en
p02925.html	en
p02926.html	en
p02927.html	en
p02928.html	en
p02929.html	en
p02930.html	en
p02931.html	en
p02932.html	en
p02933.html	en
p02934.html	en
p02935.html	en
p02936.html	en
p02937.html	en
p02938.html	en
p02939.html	en
p02940.html	en
p02941.html	en
p02942.html	en
p02943.html	en
p02944.html	en
p02945.html	en
p02946.html	en
p02947.html	en
p02948.html	en
p02949.html	en
p02950.html	en
p02951.html	en
p02952.html	en
p02953.html	en
p02954.html	en
p02955.html	en
p02956.html	en
p02957.html	en
p02958.html	en
p02959.html	en
p02960.html	en
p02961.html	en
p02962.html	en
p02963.html	en
p02964.html	en
p02965.html	en
p02966.html	en
p02967.html	en
p02968.html	en
p02969.html	en
p02970.html	en
p02971.html	en
p02972.html	en
p02973.html	en
p02974.html	en
p02975.html	en
p02976.html	en
p02977.html	en
p02978.html	en
p02979.html	en
p02980.html	en
p02981.html	en
p02982.html	en
p02983.html	en
p02984.html	en
p02985.html	en
p02986.html	en
p02987.html	en
p02988.html	en
p02989.html	en
p02990.html	en
p02991.html	en
p02992.html	en
p02993.html	en
p02994.html	en
p02995.html	en
p02996.html	en
p02997.html	en
p02998.html	en
p02999.html	en
p03000.html	en
p03001.html	en
p03002.html	en
p03003.html	en
p03004.html	en
p03005.html	en
p03006.html	en
p03007.html	en
p03008.html	en
p03009.html	en
p03010.html	en
p03011.html	en
p03012.html	en
p03013.html	en
p03014.html	en
p03015.html	en
p03016.html	en
p03017.html	en
p03018.html	en
p03019.html	en
p03020.html	en
p03021.html	en
p03022.html	en
p03023.html	en
p03024.html	en
p03025.html	en
p03026.html	en
p03027.html	en
p03028.html	en
p03029.html	en
p03030.html	en
p03031.html	en
p03032.html	en
p03033.html	en
p03034.html	en
p03035.html	en
p03036.html	en
p03037.html	en
p03038.html	en
p03039.html	en
p03040.html	en
p03041.html	en
p03042.html	en
p03043.html	en
p03044.html	en
p03045.html	en
p03046.html	en
p03047.html	en
p03048.html	en
p03049.html	en
p03050.html	en
p03051.html	en
p03052.html	en
p03053.html	en
p03054.html	en
p03055.html	en
p03056.html	en
p03057.html	en
p03058.html	en
p03059.html	en
p03060.html	en
p03061.html	en
p03062.html	en
p03063.html	en
p03064.html	en
p03065.html	en
p03066.html	en
p03067.html	en
p03068.html	en
p03069.html	en
p03070.html	en
p03071.html	en
p03072.html	en
p03073.html	en
p03074.html	en
p03075.html	en
p03076.html	en
p03077.html	en
p03078.html	en
p03079.html	en
p03080.html	en
p03081.html	en
p03082.html	en
p03083.html	en
p03084.html	en
p03085.html	en
p03086.html	en
p03087.html	en
p03088.html	en
p03089.html	en
p03090.html	en
p03091.html	en
p03092.html	en
p03093.html	en
p03094.html	en
p03095.html	en
p03096.html	en
p03097.html	en
p03098.html	en
p03099.html	en
p03100.html	en
p03101.html	en
p03102.html	en
p03103.html	en
p03104.html	en
p03105.html	en
p03106.html	en
p03107.html	en
p03108.html	en
p03109.html	en
p03110.html	en
p03111.html	en
p03112.html	en
p03113.html	en
p03114.html	en
p03115.html	en
p03116.html	en
p03117.html	en
p03118.html	en
p03119.html	en
p03120.html	en
p03121.html	en
p03122.html	en
p03123.html	en
p03124.html	en
p03125.html	en
p03126.html	en
p03127.html	en
p03128.html	en
p03129.html	en
p03130.html	en
p03131.html	en
p03132.html	en
p03133.html	en
p03134.html	en
p03135.html	en
p03136.html	en
p03137.html	en
p03138.html	en
p03139.html	en
p03140.html	en
p03141.html	en
p03142.html	en
p03143.html	en
p03144.html	en
p03145.html	en
p03146.html	en
p03147.html	en
p03148.html	en
p03149.html	en
p03150.html	en
p03151.html	en
p03152.html	en
p03153.html	en
p03154.html	en
p03155.html	en
p03156.html	en
p03157.html	en
p03158.html	en
p03159.html	en
p03160.html	en
p03161.html	en
p03162.html	en
p03163.html	en
p03164.html	en
p03165.html	en
p03166.html	en
p03167.html	en
p03168.html	en
p03169.html	en
p03170.html	en
p03171.html	en
p03172.html	en
p03173.html	en
p03174.html	en
p03175.html	en
p03176.html	en
p03177.html	en
p03178.html	en
p03179.html	en
p03180.html	en
p03181.html	en
p03182.html	en
p03183.html	en
p03184.html	en
p03185.html	en
p03186.html	en
p03187.html	en
p03188.html	en
p03189.html	en
p03190.html	en
p03191.html	en
p03192.html	en
p03193.html	en
p03194.html	en
p03195.html	en
p03196.html	en
p03197.html	en
p03198.html	en
p03199.html	en
p03200.html	en
p03201.html	en
p03202.html	en
p03203.html	en
p03204.html	en
p03205.html	en
p03206.html	en
p03207.html	en
p03208.html	en
p03209.html	en
p03210.html	en
p03211.html	en
p03212.html	en
p03213.html	en
p03214.html	en
p03215.html	en
p03216.html	en
p03217.html	en
p03218.html	en
p03219.html	en
p03220.html	en
p03221.html	en
p03222.html	en
p03223.html	en
p03224.html	en
p03225.html	en
p03226.html	en
p03227.html	en
p03228.html	en
p03229.html	en
p03230.html	en
p03231.html	en
p03232.html	en
p03233.html	en
p03234.html	en
p03235.html	en
p03236.html	en
p03237.html	en
p03238.html	en
p03239.html	en
p03240.html	en
p03241.html	en
p03242.html	en
p03243.html	en
p03244.html	en
p03245.html	en
p03246.html	en
p03247.html	en
p03248.html	en
p03249.html	en
p03250.html	en
p03251.html	en
p03252.html	en
p03253.html	en
p03254.html	en
p03255.html	en
p03256.html	en
p03257.html	en
p03258.html	en
p03259.html	en
p03260.html	en
p03261.html	en
p03262.html	en
p03263.html	en
p03264.html	en
p03265.html	en
p03266.html	en
p03267.html	en
p03268.html	en
p03269.html	en
p03270.html	en
p03271.html	en
p03272.html	en
p03273.html	en
p03274.html	en
p03275.html	en
p03276.html	en
p03277.html	en
p03278.html	en
p03279.html	en
p03280.html	en
p03281.html	en
p03282.html	en
p03283.html	en
p03284.html	en
p03285.html	en
p03286.html	en
p03287.html	en
p03288.html	en
p03289.html	en
p03290.html	en
p03291.html	en
p03292.html	en
p03293.html	en
p03294.html	en
p03295.html	en
p03296.html	en
p03297.html	en
p03298.html	en
p03299.html	en
p03300.html	en
p03301.html	en
p03302.html	en
p03303.html	en
p03304.html	en
p03305.html	en
p03306.html	en
p03307.html	en
p03308.html	en
p03309.html	en
p03310.html	en
p03311.html	en
p03312.html	en
p03313.html	en
p03314.html	en
p03315.html	en
p03316.html	en
p03317.html	en
p03318.html	en
p03319.html	en
p03320.html	en
p03321.html	en
p03322.html	en
p03323.html	en
p03324.html	en
p03325.html	en
p03326.html	en
p03327.html	en
p03328.html	en
p03329.html	en
p03330.html	en
p03331.html	en
p03332.html	en
p03333.html	en
p03334.html	en
p03335.html	en
p03336.html	en
p03337.html	en
p03338.html	en
p03339.html	en
p03340.html	en
p03341.html	en
p03342.html	en
p03343.html	en
p03344.html	en
p03345.html	en
p03346.html	en
p03347.html	en
p03348.html	en
p03349.html	en
p03350.html	en
p03351.html	en
p03352.html	en
p03353.html	en
p03354.html	en
p03355.html	en
p03356.html	en
p03357.html	en
p03358.html	en
p03359.html	en
p03360.html	en
p03361.html	en
p03362.html	en
p03363.html	en
p03364.html	en
p03365.html	en
p03366.html	en
p03367.html	en
p03368.html	en
p03369.html	en
p03370.html	en
p03371.html	en
p03372.html	en
p03373.html	en
p03374.html	en
p03375.html	en
p03376.html	en
p03377.html	en
p03378.html	en
p03379.html	en
p03380.html	en
p03381.html	en
p03382.html	en
p03383.html	en
p03384.html	en
p03385.html	en
p03386.html	en
p03387.html	en
p03388.html	en
p03389.html	en
p03390.html	en
p03391.html	en
p03392.html	en
p03393.html	en
p03394.html	en
p03395.html	en
p03396.html	en
p03397.html	en
p03398.html	en
p03399.html	en
p03400.html	en
p03401.html	en
p03402.html	en
p03403.html	en
p03404.html	en
p03405.html	en
p03406.html	en
p03407.html	en
p03408.html	en
p03409.html	en
p03410.html	en
p03411.html	en
p03412.html	en
p03413.html	en
p03414.html	en
p03415.html	en
p03416.html	en
p03417.html	en
p03418.html	en
p03419.html	en
p03420.html	en
p03421.html	en
p03422.html	en
p03423.html	en
p03424.html	en
p03425.html	en
p03426.html	en
p03427.html	en
p03428.html	en
p03429.html	en
p03430.html	en
p03431.html	en
p03432.html	en
p03433.html	en
p03434.html	en
p03435.html	en
p03436.html	en
p03437.html	en
p03438.html	en
p03439.html	en
p03440.html	en
p03441.html	en
p03442.html	en
p03443.html	en
p03444.html	en
p03445.html	en
p03446.html	en
p03447.html	en
p03448.html	en
p03449.html	en
p03450.html	en
p03451.html	en
p03452.html	en
p03453.html	en
p03454.html	en
p03455.html	en
p03456.html	en
p03457.html	en
p03458.html	en
p03459.html	en
p03460.html	en
p03461.html	en
p03462.html	en
p03463.html	en
p03464.html	en
p03465.html	en
p03466.html	en
p03467.html	en
p03468.html	en
p03469.html	en
p03470.html	en
p03471.html	en
p03472.html	en
p03473.html	en
p03474.html	en
p03475.html	en
p03476.html	en
p03477.html	en
p03478.html	en
p03479.html	en
p03480.html	en
p03481.html	en
p03482.html	en
p03483.html	en
p03484.html	en
p03485.html	en
p03486.html	en
p03487.html	en
p03488.html	en
p03489.html	en
p03490.html	en
p03491.html	en
p03492.html	en
p03493.html	en
p03494.html	en
p03495.html	en
p03496.html	en
p03497.html	en
p03498.html	en
p03499.html	en
p03500.html	en
p03501.html	en
p03502.html	en
p03503.html	en
p03504.html	en
p03505.html	en
p03506.html	en
p03507.html	en
p03508.html	en
p03509.html	en
p03510.html	en
p03511.html	en
p03512.html	en
p03513.html	en
p03514.html	en
p03515.html	en
p03516.html	en
p03517.html	en
p03518.html	en
p03519.html	en
p03520.html	en
p03521.html	en
p03522.html	en
p03523.html	en
p03524.html	en
p03525.html	en
p03526.html	en
p03527.html	en
p03528.html	en
p03529.html	en
p03530.html	en
p03531.html	en
p03532.html	en
p03533.html	en
p03534.html	en
p03535.html	en
p03536.html	en
p03537.html	en
p03538.html	en
p03539.html	en
p03540.html	en
p03541.html	en
p03542.html	en
p03543.html	en
p03544.html	en
p03545.html	en
p03546.html	en
p03547.html	en
p03548.html	en
p03549.html	en
p03550.html	en
p03551.html	en
p03552.html	en
p03553.html	en
p03554.html	en
p03555.html	en
p03556.html	en
p03557.html	en
p03558.html	en
p03559.html	en
p03560.html	en
p03561.html	en
p03562.html	en
p03563.html	en
p03564.html	en
p03565.html	en
p03566.html	en
p03567.html	en
p03568.html	en
p03569.html	en
p03570.html	en
p03571.html	en
p03572.html	en
p03573.html	en
p03574.html	en
p03575.html	en
p03576.html	en
p03577.html	en
p03578.html	en
p03579.html	en
p03580.html	en
p03581.html	en
p03582.html	en
p03583.html	en
p03584.html	en
p03585.html	en
p03586.html	en
p03587.html	en
p03588.html	en
p03589.html	en
p03590.html	en
p03591.html	en
p03592.html	en
p03593.html	en
p03594.html	en
p03595.html	en
p03596.html	en
p03597.html	en
p03598.html	en
p03599.html	en
p03600.html	en
p03601.html	en
p03602.html	en
p03603.html	en
p03604.html	en
p03605.html	en
p03606.html	en
p03607.html	en
p03608.html	en
p03609.html	en
p03610.html	en
p03611.html	en
p03612.html	en
p03613.html	en
p03614.html	en
p03615.html	en
p03616.html	en
p03617.html	en
p03618.html	en
p03619.html	en
p03620.html	en
p03621.html	en
p03622.html	en
p03623.html	en
p03624.html	en
p03625.html	en
p03626.html	en
p03627.html	en
p03628.html	en
p03629.html	en
p03630.html	en
p03631.html	en
p03632.html	en
p03633.html	en
p03634.html	en
p03635.html	en
p03636.html	en
p03637.html	en
p03638.html	en
p03639.html	en
p03640.html	en
p03641.html	en
p03642.html	en
p03643.html	en
p03644.html	en
p03645.html	en
p03646.html	en
p03647.html	en
p03648.html	en
p03649.html	en
p03650.html	en
p03651.html	en
p03652.html	en
p03653.html	en
p03654.html	en
p03655.html	en
p03656.html	en
p03657.html	en
p03658.html	en
p03659.html	en
p03660.html	en
p03661.html	en
p03662.html	en
p03663.html	en
p03664.html	en
p03665.html	en
p03666.html	en
p03667.html	en
p03668.html	en
p03669.html	en
p03670.html	en
p03671.html	en
p03672.html	en
p03673.html	en
p03674.html	en
p03675.html	en
p03676.html	en
p03677.html	en
p03678.html	en
p03679.html	en
p03680.html	en
p03681.html	en
p03682.html	en
p03683.html	en
p03684.html	en
p03685.html	en
p03686.html	en
p03687.html	en
p03688.html	en
p03689.html	en
p03690.html	en
p03691.html	en
p03692.html	en
p03693.html	en
p03694.html	en
p03695.html	en
p03696.html	en
p03697.html	en
p03698.html	en
p03699.html	en
p03700.html	en
p03701.html	en
p03702.html	en
p03703.html	en
p03704.html	en
p03705.html	en
p03706.html	en
p03707.html	en
p03708.html	en
p03709.html	en
p03710.html	en
p03711.html	en
p03712.html	en
p03713.html	en
p03714.html	en
p03715.html	en
p03716.html	en
p03717.html	en
p03718.html	en
p03719.html	en
p03720.html	en
p03721.html	en
p03722.html	en
p03723.html	en
p03724.html	en
p03725.html	en
p03726.html	en
p03727.html	en
p03728.html	en
p03729.html	en
p03730.html	en
p03731.html	en
p03732.html	en
p03733.html	en
p03734.html	en
p03735.html	en
p03736.html	en
p03737.html	en
p03738.html	en
p03739.html	en
p03740.html	en
p03741.html	en
p03742.html	en
p03743.html	en
p03744.html	en
p03745.html	en
p03746.html	en
p03747.html	en
p03748.html	en
p03749.html	en
p03750.html	en
p03751.html	en
p03752.html	en
p03753.html	en
p03754.html	en
p03755.html	en
p03756.html	en
p03757.html	en
p03758.html	en
p03759.html	en
p03760.html	en
p03761.html	en
p03762.html	en
p03763.html	en
p03764.html	en
p03765.html	en
p03766.html	en
p03767.html	en
p03768.html	en
p03769.html	en
p03770.html	en
p03771.html	en
p03772.html	en
p03773.html	en
p03774.html	en
p03775.html	en
p03776.html	en
p03777.html	en
p03778.html	en
p03779.html	en
p03780.html	en
p03781.html	en
p03782.html	en
p03783.html	en
p03784.html	en
p03785.html	en
p03786.html	en
p03787.html	en
p03788.html	en
p03789.html	en
p03790.html	en
p03791.html	en
p03792.html	en
p03793.html	en
p03794.html	en
p03795.html	en
p03796.html	en
p03797.html	en
p03798.html	en
p03799.html	en
p03800.html	en
p03801.html	en
p03802.html	en
p03803.html	en
p03804.html	en
p03805.html	en
p03806.html	en
p03807.html	en
p03808.html	en
p03809.html	en
p03810.html	en
p03811.html	en
p03812.html	en
p03813.html	en
p03814.html	en
p03815.html	en
p03816.html	en
p03817.html	en
p03818.html	en
p03819.html	en
p03820.html	en
p03821.html	en
p03822.html	en
p03823.html	en
p03824.html	en
p03825.html	en
p03826.html	en
p03827.html	en
p03828.html	en
p03829.html	en
p03830.html	en
p03831.html	en
p03832.html	en
p03833.html	en
p03834.html	en
p03835.html	en
p03836.html	en
p03837.html	en
p03838.html	en
p03839.html	en
p03840.html	en
p03841.html	en
p03842.html	en
p03843.html	en
p03844.html	en
p03845.html	en
p03846.html	en
p03847.html	en
p03848.html	en
p03849.html	en
p03850.html	en
p03851.html	en
p03852.html	en
p03853.html	en
p03854.html	en
p03855.html	en
p03856.html	en
p03857.html	en
p03858.html	en
p03859.html	en
p03860.html	en
p03861.html	en
p03862.html	en
p03863.html	en
p03864.html	en
p03865.html	en
p03866.html	en
p03867.html	en
p03868.html	en
p03869.html	en
p03870.html	en
p03871.html	en
p03872.html	en
p03873.html	en
p03874.html	en
p03875.html	en
p03876.html	en
p03877.html	en
p03878.html	en
p03879.html	en
p03880.html	en
p03881.html	en
p03882.html	en
p03883.html	en
p03884.html	en
p03885.html	en
p03886.html	en
p03887.html	en
p03888.html	en
p03889.html	en
p03890.html	en
p03891.html	en
p03892.html	en
p03893.html	en
p03894.html	en
p03895.html	en
p03896.html	en
p03897.html	en
p03898.html	en
p03899.html	en
p03900.html	en
p03901.html	en
p03902.html	en
p03903.html	en
p03904.html	en
p03905.html	en
p03906.html	en
p03907.html	en
p03908.html	en
p03909.html	en
p03910.html	en
p03911.html	en
p03912.html	en
p03913.html	en
p03914.html	en
p03915.html	en
p03916.html	en
p03917.html	en
p03918.html	en
p03919.html	en
p03920.html	en
p03921.html	en
p03922.html	en
p03923.html	en
p03924.html	en
p03925.html	en
p03926.html	en
p03927.html	en
p03928.html	en
p03929.html	en
p03930.html	en
p03931.html	en
p03932.html	en
p03933.html	en
p03934.html	en
p03935.html	en
p03936.html	en
p03937.html	en
p03938.html	en
p03939.html	en
p03940.html	en
p03941.html	en
p03942.html	en
p03943.html	en
p03944.html	en
p03945.html	en
p03946.html	en
p03947.html	en
p03948.html	en
p03949.html	en
p03950.html	en
p03951.html	en
p03952.html	en
p03953.html	en
p03954.html	en
p03955.html	en
p03956.html	en
p03957.html	en
p03958.html	en
p03959.html	en
p03960.html	en
p03961.html	en
p03962.html	en
p03963.html	en
p03964.html	en
p03965.html	en
p03966.html	en
p03967.html	en
p03968.html	en
p03969.html	en
p03970.html	en
p03971.html	en
p03972.html	en
p03973.html	en
p03974.html	en
p03975.html	en
p03976.html	en
p03977.html	en
p03978.html	en
p03979.html	en
p03980.html	en
p03981.html	en
p03982.html	en
p03983.html	en
p03984.html	en
p03985.html	en
p03986.html	en
p03987.html	en
p03988.html	en
p03989.html	en
p03990.html	en
p03991.html	en
p03992.html	en
p03993.html	en
p03994.html	en
p03995.html	en
p03996.html	en
p03997.html	en
p03998.html	en
p03999.html	en
p04000.html	en
p04001.html	en
p04002.html	en
p04003.html	en
p04004.html	en
p04005.html	en
p04006.html	en
p04007.html	en
p04008.html	en
p04009.html	en
p04010.html	en
p04011.html	en
p04012.html	en
p04013.html	en
p04014.html	en
p04015.html	en
p04016.html	en
p04017.html	en
p04018.html	en
p04019.html	en
p04020.html	en
p04021.html	en
p04022.html	en
p04023.html	en
p04024.html	en
p04025.html	en
p04026.html	en
p04027.html	en
p04028.html	en
p04029.html	en
p04030.html	en
p04031.html	en
p04032.html	en
p04033.html	en
p04034.html	en
p04035.html	en
p04036.html	en
p04037.html	en
p04038.html	en
p04039.html	en
p04040.html	en
p04041.html	en
p04042.html	en
p04043.html	en
p04044.html	en
p04045.html	en
p04046.html	en
p04047.html	en
p04048.html	en
p04049.html	en
p04050.html	en
p04051.html	en
p04052.html	en
